[{"model": "airport.country", "pk": 1, "fields": {"name": "Ukraine"}}, {"model": "airport.country", "pk": 3, "fields": {"name": "Italy"}}, {"model": "airport.country", "pk": 4, "fields": {"name": "United States"}}, {"model": "airport.country", "pk": 5, "fields": {"name": "Sweden"}}, {"model": "airport.country", "pk": 6, "fields": {"name": "Canada"}}, {"model": "airport.country", "pk": 7, "fields": {"name": "Japan"}}, {"model": "airport.city", "pk": 1, "fields": {"name": "Kyiv", "country": 1}}, {"model": "airport.city", "pk": 2, "fields": {"name": "Ottava", "country": 6}}, {"model": "airport.city", "pk": 3, "fields": {"name": "Toronto", "country": 6}}, {"model": "airport.city", "pk": 4, "fields": {"name": "Rome", "country": 3}}, {"model": "airport.city", "pk": 5, "fields": {"name": "Tokyo", "country": 7}}, {"model": "airport.city", "pk": 6, "fields": {"name": "Stockholm", "country": 5}}, {"model": "airport.city", "pk": 7, "fields": {"name": "Lviv", "country": 1}}, {"model": "airport.city", "pk": 10, "fields": {"name": "New York City", "country": 4}}, {"model": "airport.airport", "pk": 1, "fields": {"name": "Boryspil International Airport", "closest_big_city": 1}}, {"model": "airport.airport", "pk": 2, "fields": {"name": "Lviv Danylo Halytskyi International Airport", "closest_big_city": 7}}, {"model": "airport.airport", "pk": 3, "fields": {"name": "Igor Sikorsky Kyiv International Airport", "closest_big_city": 1}}, {"model": "airport.airport", "pk": 5, "fields": {"name": "Newark International Airport", "closest_big_city": 10}}, {"model": "airport.airport", "pk": 6, "fields": {"name": "John F. Kennedy International Airport", "closest_big_city": 10}}, {"model": "airport.airport", "pk": 7, "fields": {"name": "Ottawa/Macdonald-Cartier International Airport", "closest_big_city": 2}}, {"model": "airport.airport", "pk": 8, "fields": {"name": "Leonardo Da Vinci International Airport", "closest_big_city": 4}}, {"model": "airport.airport", "pk": 9, "fields": {"name": "Stockholm Arlanda Airport", "closest_big_city": 6}}, {"model": "airport.airport", "pk": 10, "fields": {"name": "Bromma Airport", "closest_big_city": 6}}, {"model": "airport.airport", "pk": 11, "fields": {"name": "Haneda Airport", "closest_big_city": 5}}, {"model": "airport.airport", "pk": 12, "fields": {"name": "Narita Airport", "closest_big_city": 5}}, {"model": "airport.airport", "pk": 13, "fields": {"name": "Toronto Pearson International Airport", "closest_big_city": 3}}, {"model": "airport.route", "pk": 1, "fields": {"source": 1, "destination": 8, "distance": 1900}}, {"model": "airport.route", "pk": 2, "fields": {"source": 2, "destination": 9, "distance": 1100}}, {"model": "airport.route", "pk": 3, "fields": {"source": 3, "destination": 10, "distance": 1300}}, {"model": "airport.route", "pk": 4, "fields": {"source": 5, "destination": 7, "distance": 527}}, {"model": "airport.route", "pk": 5, "fields": {"source": 6, "destination": 13, "distance": 560}}, {"model": "airport.route", "pk": 6, "fields": {"source": 11, "destination": 9, "distance": 8830}}, {"model": "airport.route", "pk": 7, "fields": {"source": 12, "destination": 1, "distance": 8430}}, {"model": "airport.airplanetype", "pk": 1, "fields": {"name": "Airbus A320"}}, {"model": "airport.airplanetype", "pk": 2, "fields": {"name": "Boeing 747"}}, {"model": "airport.airplanetype", "pk": 3, "fields": {"name": "Airbus A380"}}, {"model": "airport.airplanetype", "pk": 4, "fields": {"name": "Boeing 777"}}, {"model": "airport.airplanetype", "pk": 6, "fields": {"name": "Airbus A340"}}, {"model": "airport.airplane", "pk": 1, "fields": {"name": "Sky Dreamer", "rows": 30, "seats_in_row": 6, "airplane_type": 1}}, {"model": "airport.airplane", "pk": 2, "fields": {"name": "Star Liner", "rows": 35, "seats_in_row": 8, "airplane_type": 6}}, {"model": "airport.airplane", "pk": 3, "fields": {"name": "Majestic Sky", "rows": 50, "seats_in_row": 11, "airplane_type": 3}}, {"model": "airport.airplane", "pk": 4, "fields": {"name": "Sky Queen", "rows": 35, "seats_in_row": 9, "airplane_type": 2}}, {"model": "airport.airplane", "pk": 5, "fields": {"name": "Star Globe", "rows": 40, "seats_in_row": 9, "airplane_type": 4}}, {"model": "airport.airplane", "pk": 6, "fields": {"name": "Phoenix Rider", "rows": 50, "seats_in_row": 10, "airplane_type": 3}}, {"model": "airport.airplane", "pk": 7, "fields": {"name": "Blue Lightning", "rows": 50, "seats_in_row": 10, "airplane_type": 3}}, {"model": "airport.crew", "pk": 1, "fields": {"first_name": "Amelia", "last_name": "Grant"}}, {"model": "airport.crew", "pk": 2, "fields": {"first_name": "Alex", "last_name": "Turner"}}, {"model": "airport.crew", "pk": 3, "fields": {"first_name": "Emma", "last_name": "Lawson"}}, {"model": "airport.crew", "pk": 4, "fields": {"first_name": "James", "last_name": "Mitchell"}}, {"model": "airport.crew", "pk": 5, "fields": {"first_name": "Olivia", "last_name": "Rivera"}}, {"model": "airport.crew", "pk": 6, "fields": {"first_name": "Ethan", "last_name": "Lee"}}, {"model": "airport.crew", "pk": 7, "fields": {"first_name": "Lily", "last_name": "Carter"}}, {"model": "airport.crew", "pk": 8, "fields": {"first_name": "Max", "last_name": "Williams"}}, {"model": "airport.crew", "pk": 9, "fields": {"first_name": "Ava", "last_name": "Patel"}}, {"model": "airport.crew", "pk": 10, "fields": {"first_name": "Liam", "last_name": "Nguyen"}}, {"model": "airport.crew", "pk": 11, "fields": {"first_name": "Isabella", "last_name": "Wilson"}}, {"model": "airport.crew", "pk": 12, "fields": {"first_name": "Lucas", "last_name": "Chen"}}, {"model": "airport.crew", "pk": 13, "fields": {"first_name": "Sofia", "last_name": "Ramirez"}}, {"model": "airport.crew", "pk": 14, "fields": {"first_name": "Noah", "last_name": "Anderson"}}, {"model": "airport.crew", "pk": 15, "fields": {"first_name": "Mia", "last_name": "Lewis"}}, {"model": "airport.crew", "pk": 16, "fields": {"first_name": "Benjamin", "last_name": "Adams"}}, {"model": "airport.crew", "pk": 17, "fields": {"first_name": "Grace", "last_name": "Roberts"}}, {"model": "airport.crew", "pk": 18, "fields": {"first_name": "Jacob", "last_name": "Clark"}}, {"model": "airport.crew", "pk": 19, "fields": {"first_name": "Emily", "last_name": "Martinez"}}, {"model": "airport.crew", "pk": 20, "fields": {"first_name": "Samuel", "last_name": "Scott"}}, {"model": "airport.crew", "pk": 21, "fields": {"first_name": "Ryan", "last_name": "Davis"}}, {"model": "airport.crew", "pk": 22, "fields": {"first_name": "Emily", "last_name": "Parker"}}, {"model": "airport.crew", "pk": 23, "fields": {"first_name": "Olivia", "last_name": "Brooks"}}, {"model": "airport.crew", "pk": 24, "fields": {"first_name": "Ethan", "last_name": "Mitchell"}}, {"model": "airport.crew", "pk": 25, "fields": {"first_name": "Ava", "last_name": "Thompson"}}, {"model": "airport.crew", "pk": 26, "fields": {"first_name": "Dylan", "last_name": "Carter"}}, {"model": "airport.crew", "pk": 27, "fields": {"first_name": "Grace", "last_name": "Johnson"}}, {"model": "airport.crew", "pk": 28, "fields": {"first_name": "Lucas", "last_name": "Anderson"}}, {"model": "airport.crew", "pk": 29, "fields": {"first_name": "Mia", "last_name": "Roberts"}}, {"model": "airport.crew", "pk": 30, "fields": {"first_name": "Jessica", "last_name": "Martinez"}}, {"model": "airport.crew", "pk": 31, "fields": {"first_name": "Isabella", "last_name": "Chen"}}, {"model": "airport.crew", "pk": 32, "fields": {"first_name": "Noah", "last_name": "Wilson"}}, {"model": "airport.crew", "pk": 33, "fields": {"first_name": "Sofia", "last_name": "Kim"}}, {"model": "airport.crew", "pk": 34, "fields": {"first_name": "Mia", "last_name": "Patel"}}, {"model": "airport.crew", "pk": 35, "fields": {"first_name": "Ava", "last_name": "Gupta"}}, {"model": "airport.flight", "pk": 1, "fields": {"route": 1, "airplane": 7, "departure_time": "2023-08-13T18:30:00Z", "arrival_time": "2023-08-13T21:30:00Z", "crew": [16, 14, 28, 23, 7]}}, {"model": "airport.flight", "pk": 2, "fields": {"route": 2, "airplane": 2, "departure_time": "2023-08-14T20:00:00Z", "arrival_time": "2023-08-14T22:45:00Z", "crew": [26, 12, 31, 18, 21]}}, {"model": "airport.flight", "pk": 3, "fields": {"route": 3, "airplane": 5, "departure_time": "2023-08-15T00:00:00Z", "arrival_time": "2023-08-15T02:30:00Z", "crew": [1, 35, 27, 33, 3]}}, {"model": "airport.flight", "pk": 4, "fields": {"route": 4, "airplane": 4, "departure_time": "2023-08-16T08:00:00Z", "arrival_time": "2023-08-16T10:00:00Z", "crew": [6, 15, 19, 30, 4]}}, {"model": "airport.flight", "pk": 5, "fields": {"route": 5, "airplane": 1, "departure_time": "2023-08-17T10:00:00Z", "arrival_time": "2023-08-17T12:00:00Z", "crew": [24, 10, 22, 9, 34]}}, {"model": "airport.flight", "pk": 6, "fields": {"route": 6, "airplane": 6, "departure_time": "2023-08-18T12:00:00Z", "arrival_time": "2023-08-19T00:00:00Z", "crew": [13, 5, 17, 29, 20]}}, {"model": "airport.flight", "pk": 7, "fields": {"route": 7, "airplane": 3, "departure_time": "2023-08-19T10:00:00Z", "arrival_time": "2023-08-19T22:00:00Z", "crew": [25, 2, 8, 11, 32]}}, {"model": "airport.order", "pk": 19, "fields": {"created_at": "2023-08-05T19:31:44.803Z", "user": 1}}, {"model": "airport.order", "pk": 20, "fields": {"created_at": "2023-08-05T19:32:16.622Z", "user": 1}}, {"model": "airport.order", "pk": 21, "fields": {"created_at": "2023-08-05T19:34:19.484Z", "user": 1}}, {"model": "airport.order", "pk": 22, "fields": {"created_at": "2023-08-05T19:37:12.954Z", "user": 1}}, {"model": "airport.order", "pk": 23, "fields": {"created_at": "2023-08-06T20:38:01.090Z", "user": 1}}, {"model": "airport.order", "pk": 24, "fields": {"created_at": "2023-08-07T15:28:06.348Z", "user": 2}}, {"model": "airport.ticket", "pk": 14, "fields": {"row": 1, "seat": 1, "flight": 1, "order": 19}}, {"model": "airport.ticket", "pk": 15, "fields": {"row": 2, "seat": 2, "flight": 1, "order": 20}}, {"model": "airport.ticket", "pk": 16, "fields": {"row": 2, "seat": 1, "flight": 1, "order": 20}}, {"model": "airport.ticket", "pk": 17, "fields": {"row": 3, "seat": 2, "flight": 1, "order": 21}}, {"model": "airport.ticket", "pk": 18, "fields": {"row": 3, "seat": 1, "flight": 1, "order": 21}}, {"model": "airport.ticket", "pk": 19, "fields": {"row": 5, "seat": 1, "flight": 1, "order": 22}}, {"model": "airport.ticket", "pk": 20, "fields": {"row": 6, "seat": 1, "flight": 1, "order": 22}}, {"model": "airport.ticket", "pk": 21, "fields": {"row": 1, "seat": 1, "flight": 2, "order": 23}}, {"model": "airport.ticket", "pk": 22, "fields": {"row": 8, "seat": 8, "flight": 3, "order": 24}}, {"model": "airport.ticket", "pk": 23, "fields": {"row": 8, "seat": 9, "flight": 3, "order": 24}}]